colaborador,matricula
Rafael Oliveira,3258
Thiago Souza,3581
Marcelo Mendes,2208
Victor Gomes,1867
Anderson Lima,2998
Eduardo Ribeiro,1964
Gustavo Martins,1283
Henrique Barros,1829
Daniel Barbosa,1060
Lucas Rodrigues,1417
André Santos,3841
Marcos Alves,2121
Leandro Costa,3289
Lucas Cardoso,2159
Vinícius Pereira,3404
Diego Fernandes,3438
Igor Miranda,2891
Leonardo Soares,2305
Júlio César,3045
Caio Rocha,1386
Gustavo Silva,3948
Ricardo Lopes,3319
Rafael Ferreira,2220
Alan Souza,3328
Bruno Mendes,3464
Daniel Vieira,1701
Felipe Nogueira,1423
Juliana Martins,1054
Yasmin Rocha,3121
Fernanda Duarte,2055
Mariana Ferreira,1613
Isadora Dias,3590
Renata Pinto,3831
Flávia Santos,2236
Letícia Alves,1350
Bianca Moreira,1930
Thais Lima,1934
Daniela Freitas,1517
Clara Almeida,1891
Milena Barbosa,3153
Elisa Coelho,3526
Carolina Fernandes,1491
Natália Pereira,1129
Amanda Ferreira,3044
Larissa Rocha,2827
Valentina Silva,3804
Laura Correia,2320
Jair Silva,1534